	species	raw_position	strand	extracted_seq	extracted_indices
0	VT0809|1|MEMB002A|-|2381	7	positive	TCAG	7:11
1	VT0809|1|MEMB002A|-|2381	24	positive	TCAG	24:28
4	VT0809|1|MEMB002A|-|2381	222	positive	CTTG	222:226
6	VT0809|1|MEMB002A|-|2381	231	positive	ACGC	231:235
7	VT0809|1|MEMB002A|-|2381	263	positive	GGCT	263:267
8	VT0809|1|MEMB002A|-|2381	283	positive	CT-----CA	283:292
9	VT0809|1|MEMB002A|-|2381	410	positive	-------GCCA	410:421
10	VT0809|1|MEMB002A|-|2381	459	positive	CTGC	459:463
11	VT0809|1|MEMB002A|-|2381	476	positive	T-TGC	476:481
13	VT0809|1|MEMB002A|-|2381	581	positive	TTTG	581:585
15	VT0809|1|MEMB002A|-|2381	700	positive	C-GCT	700:705
16	VT0809|1|MEMB002A|-|2381	755	positive	AGGA	755:759
17	VT0809|1|MEMB002A|-|2381	771	positive	-TCGT	771:776
18	VT0809|1|MEMB002A|-|2381	776	positive	GCGA	776:780
20	VT0809|1|MEMB002A|-|2381	909	positive	---------------------------------------------------------------------------ATTT	909:988
22	VT0809|1|MEMB002A|-|2381	953	positive	-------------------------------ATTT	953:988
24	VT0809|1|MEMB002A|-|2381	1125	positive	-CGCT	1125:1130
25	VT0809|1|MEMB002A|-|2381	1190	positive	------------------TCTA	1190:1212
26	VT0809|1|MEMB002A|-|2381	1241	positive	---TTTT	1241:1248
32	VT0809|1|MEMB002A|-|2381	1995	positive	AGA--A	1995:2001
33	VT0809|1|MEMB002A|-|2381	2017	positive	----------GGAG	2017:2031
35	VT0809|1|MEMB002A|-|2381	2081	positive	---------------------------AAAA	2081:2112
36	VT0809|1|MEMB002A|-|2381	2119	positive	--AAA---G	2119:2128
38	VT0809|1|MEMB002A|-|2381	2165	positive	C--CTT	2165:2171
39	VT0809|1|MEMB002A|-|2381	2193	positive	CATA	2193:2197
41	VT0809|1|MEMB002A|-|2381	2243	positive	GCGG	2243:2247
43	VT0809|1|MEMB002C|-|2410	7	positive	TCAG	7:11
44	VT0809|1|MEMB002C|-|2410	24	positive	TCAG	24:28
47	VT0809|1|MEMB002C|-|2410	222	positive	CTTG	222:226
49	VT0809|1|MEMB002C|-|2410	231	positive	ACGC	231:235
50	VT0809|1|MEMB002C|-|2410	263	positive	GGCT	263:267
51	VT0809|1|MEMB002C|-|2410	283	positive	CT-----CA	283:292
52	VT0809|1|MEMB002C|-|2410	409	positive	--------GCCA	409:421
53	VT0809|1|MEMB002C|-|2410	461	positive	GTGG	461:465
54	VT0809|1|MEMB002C|-|2410	478	positive	TGC-------T	478:489
56	VT0809|1|MEMB002C|-|2410	583	positive	TGAA	583:587
61	VT0809|1|MEMB002C|-|2410	749	positive	--GG-GG	749:756
62	VT0809|1|MEMB002C|-|2410	782	positive	A-----CAT	782:791
63	VT0809|1|MEMB002C|-|2410	801	positive	---------------------------------------------------------------------------------------------------------------------------------------------------------------------------------------ATTT	801:988
64	VT0809|1|MEMB002C|-|2410	841	positive	-----------------------------------------------------------------------------------------------------------------------------------------------ATTT	841:988
66	VT0809|1|MEMB002C|-|2410	882	positive	------------------------------------------------------------------------------------------------------ATTT	882:988
70	VT0809|1|MEMB002C|-|2410	956	positive	----------------------------ATTT	956:988
71	VT0809|1|MEMB002C|-|2410	998	positive	T-----------ATC	998:1013
73	VT0809|1|MEMB002C|-|2410	1151	positive	AATC	1151:1155
74	VT0809|1|MEMB002C|-|2410	1216	positive	GG---AA	1216:1223
75	VT0809|1|MEMB002C|-|2410	1267	positive	TACA	1267:1271
77	VT0809|1|MEMB002C|-|2410	1654	positive	CGAC	1654:1658
83	VT0809|1|MEMB002C|-|2410	2022	positive	-----GGAG	2022:2031
84	VT0809|1|MEMB002C|-|2410	2044	positive	CAGC	2044:2048
86	VT0809|1|MEMB002C|-|2410	2108	positive	AAAA	2108:2112
87	VT0809|1|MEMB002C|-|2410	2146	positive	TTTT	2146:2150
89	VT0809|1|MEMB002C|-|2410	2190	positive	ACGC	2190:2194
90	VT0809|1|MEMB002C|-|2410	2218	positive	ACAT	2218:2222
92	VT0809|1|MEMB002C|-|2410	2268	positive	----CTC-----C	2268:2281
94	VT0809|1|MEMB002F|+|2568	7	positive	TCAG	7:11
95	VT0809|1|MEMB002F|+|2568	24	positive	TCAG	24:28
98	VT0809|1|MEMB002F|+|2568	234	positive	CAAC	234:238
99	VT0809|1|MEMB002F|+|2568	266	positive	TACC	266:270
100	VT0809|1|MEMB002F|+|2568	286	positive	----CACC	286:294
101	VT0809|1|MEMB002F|+|2568	509	positive	--AAAA	509:515
104	VT0809|1|MEMB002F|+|2568	614	positive	CGCT	614:618
111	VT0809|1|MEMB002F|+|2568	806	positive	----------------------------------------------------------------------------------------------------------------------------------------------------------------------------------ATTT	806:988
112	VT0809|1|MEMB002F|+|2568	810	positive	------------------------------------------------------------------------------------------------------------------------------------------------------------------------------ATTT	810:988
115	VT0809|1|MEMB002F|+|2568	838	positive	--------------------------------------------------------------------------------------------------------------------------------------------------ATTT	838:988
116	VT0809|1|MEMB002F|+|2568	859	positive	-----------------------------------------------------------------------------------------------------------------------------ATTT	859:988
119	VT0809|1|MEMB002F|+|2568	1021	positive	----ATCG	1021:1029
122	VT0809|1|MEMB002F|+|2568	1081	positive	TACT	1081:1085
124	VT0809|1|MEMB002F|+|2568	1162	positive	AAGA	1162:1166
125	VT0809|1|MEMB002F|+|2568	1193	positive	CTTA	1193:1197
127	VT0809|1|MEMB002F|+|2568	1260	positive	AAAC	1260:1264
128	VT0809|1|MEMB002F|+|2568	1325	positive	CTAG	1325:1329
129	VT0809|1|MEMB002F|+|2568	1376	positive	G-ATC	1376:1381
132	VT0809|1|MEMB002F|+|2568	1557	positive	------------ATCA	1557:1573
133	VT0809|1|MEMB002F|+|2568	1704	positive	-------GCTC	1704:1715
138	VT0809|1|MEMB002F|+|2568	2056	positive	A---TCC	2056:2063
139	VT0809|1|MEMB002F|+|2568	2172	positive	----TGCG	2172:2180
140	VT0809|1|MEMB002F|+|2568	2194	positive	ATAA	2194:2198
143	VT0809|1|MEMB002F|+|2568	2255	positive	-----------------CCC-----C	2255:2281
144	VT0809|1|MEMB002F|+|2568	2293	positive	-TTGG	2293:2298
145	VT0809|1|MEMB002F|+|2568	2299	positive	CG-CC	2299:2304
147	VT0809|1|MEMB002F|+|2568	2354	positive	TG--------CT	2354:2366
149	VT0809|1|MEMB002F|+|2568	2432	positive	--------CGGG	2432:2444
151	VT0809|1|MEMB003C|+|2403	7	positive	TCAG	7:11
152	VT0809|1|MEMB003C|+|2403	24	positive	TCAG	24:28
155	VT0809|1|MEMB003C|+|2403	222	positive	CTTG	222:226
157	VT0809|1|MEMB003C|+|2403	231	positive	ACGC	231:235
158	VT0809|1|MEMB003C|+|2403	263	positive	GGCT	263:267
159	VT0809|1|MEMB003C|+|2403	283	positive	CT-----CA	283:292
160	VT0809|1|MEMB003C|+|2403	407	positive	----------GCCA	407:421
161	VT0809|1|MEMB003C|+|2403	456	positive	GCTC	456:460
162	VT0809|1|MEMB003C|+|2403	473	positive	AGCT	473:477
164	VT0809|1|MEMB003C|+|2403	578	positive	GCAT	578:582
168	VT0809|1|MEMB003C|+|2403	726	positive	ATAT	726:730
169	VT0809|1|MEMB003C|+|2403	743	positive	TGCC	743:747
170	VT0809|1|MEMB003C|+|2403	764	positive	TTTA	764:768
171	VT0809|1|MEMB003C|+|2403	769	positive	G--GCG	769:775
174	VT0809|1|MEMB003C|+|2403	869	positive	-------------------------------------------------------------------------------------------------------------------ATTT	869:988
175	VT0809|1|MEMB003C|+|2403	877	positive	-----------------------------------------------------------------------------------------------------------ATTT	877:988
177	VT0809|1|MEMB003C|+|2403	951	positive	---------------------------------ATTT	951:988
179	VT0809|1|MEMB003C|+|2403	993	positive	TATC	993:997
182	VT0809|1|MEMB003C|+|2403	1146	positive	CTTA	1146:1150
183	VT0809|1|MEMB003C|+|2403	1211	positive	GTAA	1211:1215
184	VT0809|1|MEMB003C|+|2403	1262	positive	ATTA	1262:1266
191	VT0809|1|MEMB003C|+|2403	2013	positive	AACA	2013:2017
192	VT0809|1|MEMB003C|+|2403	2035	positive	GCA--C	2035:2041
194	VT0809|1|MEMB003C|+|2403	2099	positive	---------AAAA	2099:2112
195	VT0809|1|MEMB003C|+|2403	2137	positive	TACG	2137:2141
197	VT0809|1|MEMB003C|+|2403	2187	positive	AGCA	2187:2191
198	VT0809|1|MEMB003C|+|2403	2215	positive	ATTA	2215:2219
200	VT0809|1|MEMB003C|+|2403	2265	positive	-------CTC-----C	2265:2281
202	VT0809|1|MEMB005D|-|2314	7	positive	TCAG	7:11
203	VT0809|1|MEMB005D|-|2314	24	positive	TCAG	24:28
207	VT0809|1|MEMB005D|-|2314	223	positive	TTGC	223:227
208	VT0809|1|MEMB005D|-|2314	254	positive	----------GCTA	254:268
209	VT0809|1|MEMB005D|-|2314	274	positive	CTC------C	274:284
214	VT0809|1|MEMB005D|-|2314	645	positive	CAAA	645:649
215	VT0809|1|MEMB005D|-|2314	664	positive	TGGG	664:668
219	VT0809|1|MEMB005D|-|2314	802	positive	CCTT	802:806
220	VT0809|1|MEMB005D|-|2314	841	positive	-----------------------------------------------------------------------------------------------------------------------------------------------ATTT	841:988
221	VT0809|1|MEMB005D|-|2314	885	positive	---------------------------------------------------------------------------------------------------ATTT	885:988
222	VT0809|1|MEMB005D|-|2314	902	positive	----------------------------------------------------------------------------------ATTT	902:988
223	VT0809|1|MEMB005D|-|2314	933	positive	---------------------------------------------------ATTT	933:988
224	VT0809|1|MEMB005D|-|2314	1011	positive	-----------------------------------------------------------------------------------------------------------------------------------------------------------------------------------------------------------------------------------------TTTT	1011:1248
225	VT0809|1|MEMB005D|-|2314	1076	positive	------------------------------------------------------------------------------------------------------------------------------------------------------------------------TTTT	1076:1248
226	VT0809|1|MEMB005D|-|2314	1127	positive	---------------------------------------------------------------------------------------------------------------------TTTT	1127:1248
231	VT0809|1|MEMB005D|-|2314	1630	positive	AAAA	1630:1634
232	VT0809|1|MEMB005D|-|2314	1656	positive	AGTT	1656:1660
234	VT0809|1|MEMB005D|-|2314	1718	positive	CAGT	1718:1722
235	VT0809|1|MEMB005D|-|2314	1792	positive	----------CCCC	1792:1806
236	VT0809|1|MEMB005D|-|2314	1876	positive	TGCC	1876:1880
237	VT0809|1|MEMB005D|-|2314	1898	positive	AAAA	1898:1902
238	VT0809|1|MEMB005D|-|2314	1933	positive	TA---TT	1933:1940
240	VT0809|1|MEMB005D|-|2314	1962	positive	CCTG	1962:1966
241	VT0809|1|MEMB005D|-|2314	2006	positive	AGAA	2006:2010
243	VT0809|1|MEMB005D|-|2314	2034	positive	AGCC	2034:2038
244	VT0809|1|MEMB005D|-|2314	2092	positive	----------------AAAA	2092:2112
245	VT0809|1|MEMB005D|-|2314	2112	positive	---------------------GGAC	2112:2137
247	VT0809|1|MEMB005D|-|2314	2162	positive	TTCC	2162:2166
250	VT0809|1|MEMB006A|-|2603	7	positive	TCAG	7:11
251	VT0809|1|MEMB006A|-|2603	24	positive	TCAG	24:28
254	VT0809|1|MEMB006A|-|2603	149	positive	--TCTG	149:155
255	VT0809|1|MEMB006A|-|2603	247	positive	C----GAG	247:255
256	VT0809|1|MEMB006A|-|2603	278	positive	-----CC-----TA	278:292
257	VT0809|1|MEMB006A|-|2603	498	positive	TCGG	498:502
261	VT0809|1|MEMB006A|-|2603	754	positive	GGAT	754:758
263	VT0809|1|MEMB006A|-|2603	771	positive	TTGC	771:775
264	VT0809|1|MEMB006A|-|2603	777	positive	TAAA	777:781
267	VT0809|1|MEMB006A|-|2603	857	positive	-------------------------------------------------------------------------------------------------------------------------------ATTT	857:988
268	VT0809|1|MEMB006A|-|2603	865	positive	-----------------------------------------------------------------------------------------------------------------------ATTT	865:988
270	VT0809|1|MEMB006A|-|2603	882	positive	------------------------------------------------------------------------------------------------------ATTT	882:988
273	VT0809|1|MEMB006A|-|2603	1013	positive	TAAA	1013:1017
274	VT0809|1|MEMB006A|-|2603	1030	positive	TTTG	1030:1034
275	VT0809|1|MEMB006A|-|2603	1040	positive	GGAA	1040:1044
276	VT0809|1|MEMB006A|-|2603	1066	positive	GAGA	1066:1070
278	VT0809|1|MEMB006A|-|2603	1120	positive	TATT	1120:1124
279	VT0809|1|MEMB006A|-|2603	1151	positive	----------------------------------------------------------------------AAAG	1151:1225
280	VT0809|1|MEMB006A|-|2603	1314	positive	TACT	1314:1318
281	VT0809|1|MEMB006A|-|2603	1365	positive	GGTT	1365:1369
283	VT0809|1|MEMB006A|-|2603	1419	positive	TAAA	1419:1423
289	VT0809|1|MEMB006A|-|2603	1996	positive	AA--AA	1996:2002
290	VT0809|1|MEMB006A|-|2603	2070	positive	AAAG	2070:2074
291	VT0809|1|MEMB006A|-|2603	2158	positive	CAAA	2158:2162
292	VT0809|1|MEMB006A|-|2603	2180	positive	GAGG	2180:2184
293	VT0809|1|MEMB006A|-|2603	2215	positive	ATTA	2215:2219
295	VT0809|1|MEMB006A|-|2603	2250	positive	CGGG	2250:2254
296	VT0809|1|MEMB006A|-|2603	2294	positive	--------CCT-----G	2294:2311
298	VT0809|1|MEMB006A|-|2603	2348	positive	GTTT	2348:2352
299	VT0809|1|MEMB006A|-|2603	2400	positive	ACTT	2400:2404
301	VT0809|1|MEMB006A|-|2603	2450	positive	--------------------ACAC	2450:2474
304	VT0809|1|MEMB007B|-|2240	65	positive	------------------------------------------CTGC	65:111
306	VT0809|1|MEMB007B|-|2240	74	positive	---------------------------------CTGC	74:111
307	VT0809|1|MEMB007B|-|2240	106	positive	-CTGC	106:111
308	VT0809|1|MEMB007B|-|2240	126	positive	--------------------------------------CAGA	126:168
310	VT0809|1|MEMB007B|-|2240	250	positive	---------AGCC	250:263
311	VT0809|1|MEMB007B|-|2240	300	positive	ACCC	300:304
312	VT0809|1|MEMB007B|-|2240	317	positive	AAAA	317:321
314	VT0809|1|MEMB007B|-|2240	422	positive	GGAG	422:426
318	VT0809|1|MEMB007B|-|2240	548	positive	CCTC	548:552
319	VT0809|1|MEMB007B|-|2240	578	positive	GCAT	578:582
320	VT0809|1|MEMB007B|-|2240	590	positive	ATTA	590:594
321	VT0809|1|MEMB007B|-|2240	606	positive	TCAC	606:610
322	VT0809|1|MEMB007B|-|2240	611	positive	GCCC	611:615
323	VT0809|1|MEMB007B|-|2240	670	positive	GTTG	670:674
324	VT0809|1|MEMB007B|-|2240	719	positive	TTC----A	719:727
326	VT0809|1|MEMB007B|-|2240	792	positive	CT----------------------------------------------------------------------------------------------------------------------------------------------------------------------------------------------AT	792:986
327	VT0809|1|MEMB007B|-|2240	834	positive	------------------------------------------------------------------------------------------------------------------------------------------------------ATTT	834:988
329	VT0809|1|MEMB007B|-|2240	988	positive	T----TAT	988:996
330	VT0809|1|MEMB007B|-|2240	1053	positive	CGGG	1053:1057
331	VT0809|1|MEMB007B|-|2240	1104	positive	----ATTT	1104:1112
337	VT0809|1|MEMB007B|-|2240	1859	positive	ACT--C	1859:1865
338	VT0809|1|MEMB007B|-|2240	1881	positive	---GGGG	1881:1888
340	VT0809|1|MEMB007B|-|2240	1942	positive	GGGT	1942:1946
341	VT0809|1|MEMB007B|-|2240	1980	positive	AAGC	1980:1984
343	VT0809|1|MEMB007B|-|2240	2024	positive	---GGAG	2024:2031
344	VT0809|1|MEMB007B|-|2240	2052	positive	AGGC	2052:2056
346	VT0809|1|MEMB007B|-|2240	2102	positive	------AAAA	2102:2112
347	VT0809|1|MEMB007B|-|2240	2154	positive	TCTG	2154:2158
349	VT0809|1|MEMB007D|+|2525	7	positive	TCAG	7:11
350	VT0809|1|MEMB007D|+|2525	24	positive	TCAG	24:28
354	VT0809|1|MEMB007D|+|2525	212	positive	--------CCCT	212:224
355	VT0809|1|MEMB007D|+|2525	244	positive	CCGA	244:248
356	VT0809|1|MEMB007D|+|2525	264	positive	GCCA	264:268
358	VT0809|1|MEMB007D|+|2525	565	positive	TTGG	565:569
359	VT0809|1|MEMB007D|+|2525	578	positive	GCAT	578:582
360	VT0809|1|MEMB007D|+|2525	614	positive	CGTT	614:618
362	VT0809|1|MEMB007D|+|2525	659	positive	TTTT	659:663
364	VT0809|1|MEMB007D|+|2525	760	positive	GGTC	760:764
365	VT0809|1|MEMB007D|+|2525	782	positive	AACG	782:786
367	VT0809|1|MEMB007D|+|2525	831	positive	---------------------------------------------------------------------------------------------------------------------------------------------------------ATTT	831:988
370	VT0809|1|MEMB007D|+|2525	923	positive	-------------------------------------------------------------ATTT	923:988
371	VT0809|1|MEMB007D|+|2525	942	positive	------------------------------------------ATTT	942:988
372	VT0809|1|MEMB007D|+|2525	979	positive	-----ATTT	979:988
373	VT0809|1|MEMB007D|+|2525	1012	positive	TAAA	1012:1016
374	VT0809|1|MEMB007D|+|2525	1129	positive	TTGA	1129:1133
376	VT0809|1|MEMB007D|+|2525	1197	positive	------------------------CTTA	1197:1225
377	VT0809|1|MEMB007D|+|2525	1262	positive	ATAA	1262:1266
378	VT0809|1|MEMB007D|+|2525	1313	positive	CTAC	1313:1317
383	VT0809|1|MEMB007D|+|2525	1943	positive	GGTT	1943:1947
385	VT0809|1|MEMB007D|+|2525	2069	positive	AAAC	2069:2073
386	VT0809|1|MEMB007D|+|2525	2080	positive	----------------------------AAAA	2080:2112
388	VT0809|1|MEMB007D|+|2525	2131	positive	A-CGA	2131:2136
389	VT0809|1|MEMB007D|+|2525	2153	positive	TTCT	2153:2157
390	VT0809|1|MEMB007D|+|2525	2203	positive	CGGG	2203:2207
391	VT0809|1|MEMB007D|+|2525	2241	positive	GGGC	2241:2245
392	VT0809|1|MEMB007D|+|2525	2247	positive	GCGG	2247:2251
394	VT0809|1|MEMB007D|+|2525	2335	positive	-------TGTC	2335:2346
396	VT0809|1|MEMB007D|+|2525	2385	positive	CTCT	2385:2389
